7577,0,0987654567,huế,0.0,Nguyễn Văn T,2022-12-09T09:22:11.282020800Z,2022-12-09T09:22:11.809798Z
5762,0,0987656783,Huế,0.0,Nguyễn Văn Quang,2022-12-09T09:45:54.513595900Z,2022-12-09T09:45:54.513595900Z
841,0,0987637839,huế,0.0,Nguyễn Văn Nguyên,2022-12-09T09:53:44.761815900Z,2022-12-09T09:53:44.761815900Z
5360,0,0987656738,26A nguyễn lương bằng ,0.0,Nguyễn Văn Vũ,2022-12-12T03:42:22.578644800Z,2022-12-12T03:42:22.578644800Z
1699,0,0987647839,21A nguyễn trãi,0.0,Nguyễn Văn Tuyên,2022-12-12T04:44:33.908360200Z,2022-12-12T04:44:33.908360200Z
6804,0,0987656732,huế,0.0,Nguyễn Văn Tài,2022-12-12T05:00:50.028001Z,2022-12-12T05:00:50.028973900Z
753,0,0987654568,huế,0.0,Nguyễn Võ Trân,2022-12-12T09:15:24.471637500Z,2022-12-12T09:15:24.471637500Z
5897,0,0987654568,huế,0.0,Nguyễn Huy Hoàng,2022-12-12T09:21:57.753656300Z,2022-12-12T09:21:57.753656300Z
7270,0,0987632427,huế,0.0,Nguyễn Hữu Huy,2022-12-12T09:23:03.128256700Z,2022-12-12T09:23:03.128256700Z
8574,0,0987663782,Huế,0.0,Nguyễn Vũ Nguyễn,2022-12-12T09:24:49.833386500Z,2022-12-12T09:24:49.833386500Z
6502,0,0987656738,huế,0.0,Nguyễn Văn N,2022-12-12T09:29:09.493403400Z,2022-12-12T09:29:09.493403400Z
5955,0,0987392928,huế,0.0,Nguyễn Văn M,2022-12-12T09:33:18.861207100Z,2022-12-12T09:33:18.861207100Z
